{
  "model": "MiniModel",
  "n_params": 21217,
  "n_steps": 2000,
  "best_loss": 0.02551114745438099,
  "final_avg_loss": 0.0378554411046207,
  "total_time_s": 18.273475885391235,
  "device": "cpu",
  "optimizer": "ChuckOptimizer",
  "lr": 0.003,
  "batch_size": 32,
  "seq_len": 64,
  "losses_every_100": [
    0.06261310815811157,
    0.03795216139405966,
    0.052006785813719036,
    0.037919627875089644,
    0.03765087751671672,
    0.037415965478867295,
    0.03729154149070382,
    0.03778397779911757,
    0.037059941049665215,
    0.037802442330867055,
    0.03760385880246758,
    0.03748618517071009,
    0.03709830405190587,
    0.03754828236997128,
    0.03780718242749572,
    0.03704029669985175,
    0.037623312063515185,
    0.03765214536339045,
    0.03769534343853593,
    0.0378554411046207
  ],
  "chuck_stats": []
}