{
  "model": "VLM",
  "version": "1M_v1",
  "n_params": 1045632,
  "n_unique_params": 1045632,
  "n_steps": 5000,
  "best_loss": 0.011836374178528786,
  "final_avg_loss": 0.024214230310171843,
  "total_time_s": 386.1702969074249,
  "device": "cpu",
  "optimizer": "ChuckOptimizer",
  "lr": 0.003,
  "batch_size": 16,
  "warmup": 500,
  "architecture": {
    "d_model": 112,
    "n_heads": 4,
    "n_layers": 4,
    "mlp_dim": 448,
    "max_seq": 128,
    "image_size": 32,
    "patch_size": 8,
    "features": [
      "RMSNorm",
      "SwiGLU",
      "RoPE",
      "weight_tying",
      "cross_attention"
    ],
    "from_lee_c": [
      "RMSNorm",
      "SwiGLU",
      "RoPE",
      "weight_tying",
      "cosine_lr",
      "grad_clip"
    ]
  },
  "losses_every_100": [
    1.9681127998232841,
    0.18448384031653403,
    0.10903159342706203,
    0.07277843350544572,
    0.029349069837480785,
    0.027878182586282493,
    0.027649886049330233,
    0.028397508691996337,
    0.12760380327701568,
    0.026797874495387078,
    0.025934984292834997,
    0.02617068823426962,
    0.02589791553094983,
    0.02650590257719159,
    0.025438017714768647,
    0.025105230901390316,
    0.025181030463427304,
    0.02545851841568947,
    0.024342196509242058,
    0.024459932390600445,
    0.025293332915753128,
    0.024735307656228542,
    0.024994479175657034,
    0.024589055720716714,
    0.024628076478838922,
    0.024125276785343885,
    0.02491071995347738,
    0.024644432235509158,
    0.02435587927699089,
    0.02443780405446887,
    0.02502237444743514,
    0.02491180080920458,
    0.024447635635733603,
    0.024751282297074795,
    0.024613543450832366,
    0.02471097795292735,
    0.024320219131186604,
    0.024498037826269865,
    0.024490577913820744,
    0.024010100392624734,
    0.02400796609930694,
    0.024553830893710257,
    0.02417179010808468,
    0.024423771761357783,
    0.023828338123857973,
    0.024323030496016144,
    0.02450358485803008,
    0.02359990546479821,
    0.0241553889028728,
    0.024214230310171843
  ],
  "chuck_stats": []
}