{
  "model": "VLM",
  "version": "2M_v1",
  "n_params": 2040064,
  "n_unique_params": 2040064,
  "n_steps": 4000,
  "best_loss": 0.015207372605800629,
  "final_avg_loss": 0.7409067329578102,
  "final_text_loss": 1.281598324775696,
  "final_vision_loss": 0.02367320317775011,
  "total_time_s": 1335.153538942337,
  "device": "cpu",
  "optimizer": "ChuckOptimizer",
  "lr": 0.003,
  "batch_size": 16,
  "warmup": 400,
  "text_ratio": 0.5,
  "corpus_chars": 862772,
  "corpus_tokens": 862772,
  "architecture": {
    "d_model": 128,
    "n_heads": 4,
    "n_layers": 6,
    "mlp_dim": 512,
    "max_seq": 256,
    "image_size": 32,
    "patch_size": 8,
    "features": [
      "RMSNorm",
      "SwiGLU",
      "RoPE",
      "weight_tying",
      "cross_attention"
    ],
    "from_lee_c": [
      "RMSNorm",
      "SwiGLU",
      "RoPE",
      "weight_tying",
      "cosine_lr",
      "grad_clip"
    ]
  },
  "text_corpora": [
    "dracula.txt (Bram Stoker)",
    "haze.txt (Arianna Method)"
  ],
  "losses_every_100": [
    3.1476101768016815,
    1.6165317971259356,
    1.2457319009304046,
    1.1053419754095375,
    0.9053049084916711,
    1.5051970611140133,
    0.9785602245107293,
    1.428734994865954,
    0.9341477999091148,
    0.8799712331034243,
    0.873789593949914,
    0.7398219013027847,
    0.7014796187356115,
    0.7927825344353914,
    0.9128730750456452,
    0.872648324239999,
    0.6716661018133163,
    0.8718212527036667,
    0.7897998579405248,
    0.8058559245429933,
    0.765159614700824,
    0.7351058596745134,
    0.7185774743929505,
    0.73462158549577,
    0.630804739203304,
    0.730049981623888,
    0.7045413062907755,
    0.7124428749270737,
    0.8655345101282,
    0.6580066200345754,
    0.6288410479016602,
    0.6024849984236061,
    0.6021104458719492,
    0.6179055999964476,
    0.5423646078631282,
    0.6416974259167909,
    0.6357070959545672,
    0.6641233830153942,
    0.6866317466087639,
    0.7409067329578102
  ],
  "chuck_stats": []
}